日期|Capture|Part|Segment|IR张数|起始时间(s)
4_27|with_cameras_capture_20260427_151113|with_cameras_capture_20260427_151113_part000_2026-04-27-15-11-25|segment_000_000076.000_000102.000|391|000
4_27|with_cameras_capture_20260427_151113|with_cameras_capture_20260427_151113_part000_2026-04-27-15-11-25|segment_001_000112.000_000203.000|1286|001
4_27|with_cameras_capture_20260427_151113|with_cameras_capture_20260427_151113_part001_2026-04-27-15-15-25|segment_000_000022.000_000074.000|751|000
4_27|with_cameras_capture_20260427_151113|with_cameras_capture_20260427_151113_part001_2026-04-27-15-15-25|segment_001_000085.000_000090.000|84|001
4_27|with_cameras_capture_20260427_151124|with_cameras_capture_20260427_151124_part000_2026-04-27-15-11-31|segment_000_000078.000_000108.000|415|000
4_27|with_cameras_capture_20260427_151124|with_cameras_capture_20260427_151124_part000_2026-04-27-15-11-31|segment_001_000184.000_000189.000|79|001
4_27|with_cameras_capture_20260427_151124|with_cameras_capture_20260427_151124_part000_2026-04-27-15-11-31|segment_002_000199.000_000205.000|84|002
4_27|with_cameras_capture_20260427_151124|with_cameras_capture_20260427_151124_part000_2026-04-27-15-11-31|segment_003_000210.000_000215.000|65|003
4_27|with_cameras_capture_20260427_165128|with_cameras_capture_20260427_165128_part000_2026-04-27-16-51-35|segment_000_000078.000_000083.000|76|000
4_27|with_cameras_capture_20260427_165128|with_cameras_capture_20260427_165128_part000_2026-04-27-16-51-35|segment_001_000106.000_000235.000|1825|001
4_27|with_cameras_capture_20260427_165128|with_cameras_capture_20260427_165128_part001_2026-04-27-16-55-38|segment_000_000000.000_000170.000|2405|000
4_27|with_cameras_capture_20260427_165128|with_cameras_capture_20260427_165128_part001_2026-04-27-16-55-38|segment_001_000175.000_000193.000|261|001
4_27|with_cameras_capture_20260427_165128|with_cameras_capture_20260427_165128_part002_2026-04-27-16-59-43|segment_000_000052.000_000060.000|127|000
4_27|with_cameras_capture_20260427_175645|with_cameras_capture_20260427_175645_part000_2026-04-27-17-56-57|segment_000_000183.000_000229.000|626|000
4_27|with_cameras_capture_20260427_175645|with_cameras_capture_20260427_175645_part001_2026-04-27-18-01-06|segment_000_000017.000_000241.000|2873|000
4_27|with_cameras_capture_20260427_175645|with_cameras_capture_20260427_175645_part002_2026-04-27-18-05-14|segment_000_000000.000_000104.000|1308|000
4_27|with_cameras_capture_20260427_175645|with_cameras_capture_20260427_175645_part002_2026-04-27-18-05-14|segment_001_000107.000_000114.000|87|001
4_27|with_cameras_capture_20260427_175645|with_cameras_capture_20260427_175645_part002_2026-04-27-18-05-14|segment_002_000220.000_000232.000|171|002
4_27|with_cameras_capture_20260427_175645|with_cameras_capture_20260427_175645_part003_2026-04-27-18-09-22|segment_000_000000.000_000055.000|700|000
4_29|with_cameras_capture_20260429_161943|with_cameras_capture_20260429_161943_part000_2026-04-29-16-19-50|segment_000_000062.000_000239.000|2504|000
4_29|with_cameras_capture_20260429_161943|with_cameras_capture_20260429_161943_part000_2026-04-29-16-19-50|segment_001_000244.000_000298.000|784|001
4_29|with_cameras_capture_20260429_161943|with_cameras_capture_20260429_161943_part001_2026-04-29-16-24-58|segment_000_000000.000_000001.500|23|000
4_29|with_cameras_capture_20260429_161943|with_cameras_capture_20260429_161943_part001_2026-04-29-16-24-58|segment_001_000005.000_000010.000|55|001
4_29|with_cameras_capture_20260429_164703|with_cameras_capture_20260429_164703_part000_2026-04-29-16-47-10|segment_000_000000.000_000212.000|2228|000
4_29|with_cameras_capture_20260429_164703|with_cameras_capture_20260429_164703_part000_2026-04-29-16-47-10|segment_001_000230.000_000235.000|50|001
4_29|with_cameras_capture_20260429_164703|with_cameras_capture_20260429_164703_part000_2026-04-29-16-47-10|segment_002_000247.000_000266.000|215|002
4_29|with_cameras_capture_20260429_164703|with_cameras_capture_20260429_164703_part000_2026-04-29-16-47-10|segment_003_000272.000_000312.000|417|003
4_29|with_cameras_capture_20260429_164703|with_cameras_capture_20260429_164703_part001_2026-04-29-16-52-31|segment_000_000000.000_000011.000|138|000
4_29|with_cameras_capture_20260429_164703|with_cameras_capture_20260429_164703_part001_2026-04-29-16-52-31|segment_001_000015.000_000021.000|72|001
4_29|with_cameras_capture_20260429_164703|with_cameras_capture_20260429_164703_part001_2026-04-29-16-52-31|segment_002_000025.000_000030.000|56|002
4_29|with_cameras_capture_20260429_164703|with_cameras_capture_20260429_164703_part001_2026-04-29-16-52-31|segment_003_000047.000_000059.000|139|003
4_29|with_cameras_capture_20260429_165854|with_cameras_capture_20260429_165854_part000_2026-04-29-16-59-02|segment_000_000058.000_000151.000|846|000
4_29|with_cameras_capture_20260429_165854|with_cameras_capture_20260429_165854_part000_2026-04-29-16-59-02|segment_000_000225.000_000309.000|987|000
4_29|with_cameras_capture_20260429_165854|with_cameras_capture_20260429_165854_part000_2026-04-29-16-59-02|segment_001_000225.000_000309.000|440|001
4_29|with_cameras_capture_20260429_165854|with_cameras_capture_20260429_165854_part001_2026-04-29-17-04-19|segment_000_000000.000_000119.000|1374|000
4_29|with_cameras_capture_20260429_165854|with_cameras_capture_20260429_165854_part001_2026-04-29-17-04-19|segment_001_000122.000_000137.000|169|001
4_29|with_cameras_capture_20260429_165854|with_cameras_capture_20260429_165854_part001_2026-04-29-17-04-19|segment_002_000242.000_000247.000|54|002
4_29|with_cameras_capture_20260429_165931|with_cameras_capture_20260429_165931_part000_2026-04-29-16-59-38|segment_000_000039.000_000052.000|176|000
4_29|with_cameras_capture_20260429_165931|with_cameras_capture_20260429_165931_part000_2026-04-29-16-59-38|segment_001_000260.000_000262.000|14|001
4_29|with_cameras_capture_20260429_165931|with_cameras_capture_20260429_165931_part000_2026-04-29-16-59-38|segment_002_000276.000_000288.000|103|002
4_29|with_cameras_capture_20260429_165931|with_cameras_capture_20260429_165931_part000_2026-04-29-16-59-38|segment_003_000305.000_000333.000|295|003
4_29|with_cameras_capture_20260429_165931|with_cameras_capture_20260429_165931_part001_2026-04-29-17-05-19|segment_000_000000.000_000133.000|1304|000
4_29|with_cameras_capture_20260429_185909|with_cameras_capture_20260429_185909_part000_2026-04-29-18-59-21|segment_000_000000.000_000182.000|2104|000
4_29|with_cameras_capture_20260429_185909|with_cameras_capture_20260429_185909_part000_2026-04-29-18-59-21|segment_001_000199.000_000201.000|22|001
4_29|with_cameras_capture_20260429_185909|with_cameras_capture_20260429_185909_part000_2026-04-29-18-59-21|segment_002_000223.000_000236.000|176|002
4_29|with_cameras_capture_20260429_185909|with_cameras_capture_20260429_185909_part000_2026-04-29-18-59-21|segment_003_000316.000_000320.000|43|003
4_29|with_cameras_capture_20260429_185909|with_cameras_capture_20260429_185909_part001_2026-04-29-19-04-51|segment_000_000000.000_000006.000|75|000
4_29|with_cameras_capture_20260429_185909|with_cameras_capture_20260429_185909_part001_2026-04-29-19-04-51|segment_001_000207.000_000221.000|147|001
4_29|with_cameras_capture_20260429_195137|with_cameras_capture_20260429_195137_part001_2026-04-29-19-56-49|segment_000_000099.000_000207.000|1805|000
4_29|with_cameras_capture_20260429_195137|with_cameras_capture_20260429_195137_part001_2026-04-29-19-56-49|segment_001_000211.000_000215.000|29|001
4_29|with_cameras_capture_20260429_195137|with_cameras_capture_20260429_195137_part001_2026-04-29-19-56-49|segment_002_000226.500_000231.000|33|002
4_30|with_cameras_capture_20260430_101120|with_cameras_capture_20260430_101120_part000_2026-04-30-10-11-26|segment_000_000029.000_000034.000|115|000
4_30|with_cameras_capture_20260430_101120|with_cameras_capture_20260430_101120_part000_2026-04-30-10-11-26|segment_001_000110.000_000120.000|198|001
4_30|with_cameras_capture_20260430_101120|with_cameras_capture_20260430_101120_part000_2026-04-30-10-11-26|segment_002_000180.000_000191.000|273|002
4_30|with_cameras_capture_20260430_101120|with_cameras_capture_20260430_101120_part000_2026-04-30-10-11-26|segment_003_000260.000_000281.000|254|003
4_30|with_cameras_capture_20260430_101120|with_cameras_capture_20260430_101120_part001_2026-04-30-10-16-15|segment_000_000000.000_000059.000|1105|000
4_30|with_cameras_capture_20260430_101120|with_cameras_capture_20260430_101120_part001_2026-04-30-10-16-15|segment_001_000074.000_000079.000|33|001
4_30|with_cameras_capture_20260430_101502|with_cameras_capture_20260430_101502_part000_2026-04-30-10-15-08|segment_000_000000.000_000278.000|6676|000
4_30|with_cameras_capture_20260430_101502|with_cameras_capture_20260430_101502_part001_2026-04-30-10-19-54|segment_000_000096.000_000102.000|167|000
4_30|with_cameras_capture_20260430_150023|with_cameras_capture_20260430_150023_part000_2026-04-30-15-00-29|segment_000_000000.000_000038.000|769|000
4_30|with_cameras_capture_20260430_150023|with_cameras_capture_20260430_150023_part000_2026-04-30-15-00-29|segment_001_000041.000_000073.000|746|001
4_30|with_cameras_capture_20260430_150023|with_cameras_capture_20260430_150023_part000_2026-04-30-15-00-29|segment_002_000075.000_000085.000|250|002
4_30|with_cameras_capture_20260430_150023|with_cameras_capture_20260430_150023_part000_2026-04-30-15-00-29|segment_003_000147.000_000153.000|156|003
4_30|with_cameras_capture_20260430_150023|with_cameras_capture_20260430_150023_part001_2026-04-30-15-05-33|segment_000_000150.000_000158.000|204|000
4_30|with_cameras_capture_20260430_150023|with_cameras_capture_20260430_150023_part001_2026-04-30-15-05-33|segment_001_000183.000_000185.000|8|001
4_30|with_cameras_capture_20260430_150023|with_cameras_capture_20260430_150023_part001_2026-04-30-15-05-33|segment_002_000279.000_000281.000|54|002
4_30|with_cameras_capture_20260430_150451|with_cameras_capture_20260430_150451_part000_2026-04-30-15-04-57|segment_000_000000.000_000003.000|70|000
4_30|with_cameras_capture_20260430_150451|with_cameras_capture_20260430_150451_part000_2026-04-30-15-04-57|segment_001_000038.000_000284.000|5414|001
4_30|with_cameras_capture_20260430_150451|with_cameras_capture_20260430_150451_part001_2026-04-30-15-09-48|segment_000_000000.000_000166.000|3895|000
4_30|with_cameras_capture_20260430_150451|with_cameras_capture_20260430_150451_part001_2026-04-30-15-09-48|segment_001_000171.000_000177.000|100|001
4_30|with_cameras_capture_20260430_191146|with_cameras_capture_20260430_191146_part000_2026-04-30-19-11-52|segment_000_000000.000_000014.000|337|000
4_30|with_cameras_capture_20260430_191146|with_cameras_capture_20260430_191146_part000_2026-04-30-19-11-52|segment_001_000020.000_000030.000|260|001
4_30|with_cameras_capture_20260430_191146|with_cameras_capture_20260430_191146_part001_2026-04-30-19-16-43|segment_000_000139.000_000180.000|912|000
4_30|with_cameras_capture_20260430_191146|with_cameras_capture_20260430_191146_part001_2026-04-30-19-16-43|segment_001_000273.000_000281.000|215|001
4_30|with_cameras_capture_20260430_191146|with_cameras_capture_20260430_191146_part002_2026-04-30-19-21-32|segment_000_000012.000_000019.000|190|000
4_30|with_cameras_capture_20260430_191146|with_cameras_capture_20260430_191146_part002_2026-04-30-19-21-32|segment_001_000020.000_000025.000|115|001
4_30|with_cameras_capture_20260430_191146|with_cameras_capture_20260430_191146_part002_2026-04-30-19-21-32|segment_002_000028.000_000031.000|71|002
4_30|with_cameras_capture_20260430_191146|with_cameras_capture_20260430_191146_part002_2026-04-30-19-21-32|segment_003_000036.000_000038.000|43|003
4_30|with_cameras_capture_20260430_191146|with_cameras_capture_20260430_191146_part002_2026-04-30-19-21-32|segment_004_000040.000_000086.000|884|004
4_30|with_cameras_capture_20260430_191328|with_cameras_capture_20260430_191328_part000_2026-04-30-19-13-34|segment_000_000000.000_000068.000|1429|000
4_30|with_cameras_capture_20260430_191328|with_cameras_capture_20260430_191328_part000_2026-04-30-19-13-34|segment_001_000114.000_000281.000|4131|001
4_30|with_cameras_capture_20260430_191328|with_cameras_capture_20260430_191328_part001_2026-04-30-19-18-22|segment_000_000000.000_000241.000|5884|000
4_30|with_cameras_capture_20260430_191328|with_cameras_capture_20260430_191328_part001_2026-04-30-19-18-22|segment_001_000244.000_000245.500|40|001
4_30|with_cameras_capture_20260430_191328|with_cameras_capture_20260430_191328_part001_2026-04-30-19-18-22|segment_002_000270.000_000277.000|174|002
4_30|with_cameras_capture_20260430_191328|with_cameras_capture_20260430_191328_part002_2026-04-30-19-23-09|segment_000_000006.000_000076.000|1674|000
4_30|with_cameras_capture_20260430_195500|with_cameras_capture_20260430_195500_part000_2026-04-30-19-55-06|segment_000_000000.000_000076.000|1873|000
4_30|with_cameras_capture_20260430_195500|with_cameras_capture_20260430_195500_part001_2026-04-30-19-59-52|segment_000_000094.000_000141.000|1183|000
4_30|with_cameras_capture_20260430_195500|with_cameras_capture_20260430_195500_part001_2026-04-30-19-59-52|segment_001_000156.000_000182.000|679|001
4_30|with_cameras_capture_20260430_195500|with_cameras_capture_20260430_195500_part001_2026-04-30-19-59-52|segment_002_000195.000_000214.000|516|002
4_30|with_cameras_capture_20260430_195500|with_cameras_capture_20260430_195500_part001_2026-04-30-19-59-52|segment_003_000220.000_000241.000|503|003
4_30|with_cameras_capture_20260430_202854|with_cameras_capture_20260430_202854_part000_2026-04-30-20-29-00|segment_000_000000.000_000074.000|1754|000
4_30|with_cameras_capture_20260430_202854|with_cameras_capture_20260430_202854_part000_2026-04-30-20-29-00|segment_001_000080.000_000120.000|876|001
4_30|with_cameras_capture_20260430_202854|with_cameras_capture_20260430_202854_part000_2026-04-30-20-29-00|segment_002_000123.000_000281.000|3643|002
4_30|with_cameras_capture_20260430_202854|with_cameras_capture_20260430_202854_part001_2026-04-30-20-33-48|segment_000_000000.000_000104.000|2374|000
4_30|with_cameras_capture_20260430_202854|with_cameras_capture_20260430_202854_part001_2026-04-30-20-33-48|segment_001_000110.000_000129.000|393|001
5_19|with_cameras_capture_20260519_143539|with_cameras_capture_20260519_143539_part000_2026-05-19-14-35-45|segment_000_000000.000_000086.000|2064|000
5_19|with_cameras_capture_20260519_143539|with_cameras_capture_20260519_143539_part000_2026-05-19-14-35-45|segment_001_000121.000_000143.000|539|001
5_19|with_cameras_capture_20260519_143539|with_cameras_capture_20260519_143539_part000_2026-05-19-14-35-45|segment_002_000160.000_000200.000|941|002
5_19|with_cameras_capture_20260519_143539|with_cameras_capture_20260519_143539_part001_2026-05-19-14-39-28|segment_000_000000.000_000003.000|73|000
5_19|with_cameras_capture_20260519_143539|with_cameras_capture_20260519_143539_part001_2026-05-19-14-39-28|segment_001_000012.000_000028.000|370|001
5_19|with_cameras_capture_20260519_143539|with_cameras_capture_20260519_143539_part001_2026-05-19-14-39-28|segment_002_000038.000_000048.000|216|002
5_19|with_cameras_capture_20260519_143539|with_cameras_capture_20260519_143539_part001_2026-05-19-14-39-28|segment_003_000081.500_000084.500|62|003
5_19|with_cameras_capture_20260519_143539|with_cameras_capture_20260519_143539_part001_2026-05-19-14-39-28|segment_004_000090.000_000108.500|411|004
5_19|with_cameras_capture_20260519_143539|with_cameras_capture_20260519_143539_part001_2026-05-19-14-39-28|segment_005_000128.000_000142.000|310|005
5_19|with_cameras_capture_20260519_143539|with_cameras_capture_20260519_143539_part001_2026-05-19-14-39-28|segment_006_000164.500_000190.000|566|006
5_19|with_cameras_capture_20260519_143539|with_cameras_capture_20260519_143539_part001_2026-05-19-14-39-28|segment_007_000196.000_000205.000|189|007
5_9|with_cameras_capture_20260508_171129_1|with_cameras_capture_20260508_171129_part000_2026-05-08-17-11-35|segment_000_000000.000_000049.000|1182|000
5_9|with_cameras_capture_20260508_171129_1|with_cameras_capture_20260508_171129_part000_2026-05-08-17-11-35|segment_001_000054.000_000063.000|207|001
5_9|with_cameras_capture_20260508_171129_1|with_cameras_capture_20260508_171129_part000_2026-05-08-17-11-35|segment_002_000067.000_000070.000|78|002
5_9|with_cameras_capture_20260508_171129_1|with_cameras_capture_20260508_171129_part000_2026-05-08-17-11-35|segment_003_000098.000_000102.000|103|003
5_9|with_cameras_capture_20260508_171129_1|with_cameras_capture_20260508_171129_part000_2026-05-08-17-11-35|segment_004_000117.000_000190.000|1703|004
5_9|with_cameras_capture_20260508_171129_1|with_cameras_capture_20260508_171129_part000_2026-05-08-17-11-35|segment_005_000199.000_000244.000|1088|005
5_9|with_cameras_capture_20260508_171129_1|with_cameras_capture_20260508_171129_part000_2026-05-08-17-11-35|segment_006_000251.000_000279.000|708|006
5_9|with_cameras_capture_20260508_171129_1|with_cameras_capture_20260508_171129_part001_2026-05-08-17-16-22|segment_000_000000.000_000013.000|229|000
5_9|with_cameras_capture_20260509_113036|with_cameras_capture_20260509_113036_part000_2026-05-09-11-30-42|segment_000_000000.000_000027.000|664|000
5_9|with_cameras_capture_20260509_113036|with_cameras_capture_20260509_113036_part000_2026-05-09-11-30-42|segment_001_000040.000_000050.000|260|001
5_9|with_cameras_capture_20260509_113036|with_cameras_capture_20260509_113036_part000_2026-05-09-11-30-42|segment_002_000055.000_000069.000|331|002
5_9|with_cameras_capture_20260509_113036|with_cameras_capture_20260509_113036_part000_2026-05-09-11-30-42|segment_003_000130.000_000139.000|208|003
5_9|with_cameras_capture_20260509_113036|with_cameras_capture_20260509_113036_part000_2026-05-09-11-30-42|segment_004_000144.000_000151.000|165|004
5_9|with_cameras_capture_20260509_113036|with_cameras_capture_20260509_113036_part000_2026-05-09-11-30-42|segment_005_000154.000_000157.000|63|005
5_9|with_cameras_capture_20260509_113036|with_cameras_capture_20260509_113036_part000_2026-05-09-11-30-42|segment_006_000241.000_000280.000|977|006
5_9|with_cameras_capture_20260509_113036|with_cameras_capture_20260509_113036_part001_2026-05-09-11-35-29|segment_000_000000.000_000060.000|1455|000
5_9|with_cameras_capture_20260509_113036|with_cameras_capture_20260509_113036_part001_2026-05-09-11-35-29|segment_001_000093.000_000140.000|1124|001
5_9|with_cameras_capture_20260509_113036|with_cameras_capture_20260509_113036_part001_2026-05-09-11-35-29|segment_002_000203.000_000207.000|103|002
5_9|with_cameras_capture_20260509_113036|with_cameras_capture_20260509_113036_part001_2026-05-09-11-35-29|segment_003_000225.000_000228.000|32|003
5_9|with_cameras_capture_20260509_113112_3|with_cameras_capture_20260509_113112_part000_2026-05-09-11-31-18|segment_000_000002.000_000004.000|38|000
5_9|with_cameras_capture_20260509_113112_3|with_cameras_capture_20260509_113112_part000_2026-05-09-11-31-18|segment_001_000041.000_000044.000|17|001
5_9|with_cameras_capture_20260509_113112_3|with_cameras_capture_20260509_113112_part000_2026-05-09-11-31-18|segment_002_000048.000_000138.000|2153|002
5_9|with_cameras_capture_20260509_113112_3|with_cameras_capture_20260509_113112_part000_2026-05-09-11-31-18|segment_003_000141.000_000155.000|327|003
5_9|with_cameras_capture_20260509_113112_3|with_cameras_capture_20260509_113112_part000_2026-05-09-11-31-18|segment_004_000212.000_000222.000|209|004
5_9|with_cameras_capture_20260509_113112_3|with_cameras_capture_20260509_113112_part000_2026-05-09-11-31-18|segment_005_000272.000_000282.000|222|005
5_9|with_cameras_capture_20260509_113112_3|with_cameras_capture_20260509_113112_part001_2026-05-09-11-36-07|segment_000_000000.000_000123.000|2957|000
5_9|with_cameras_capture_20260509_113112_3|with_cameras_capture_20260509_113112_part001_2026-05-09-11-36-07|segment_001_000145.000_000148.000|72|001
5_9|with_cameras_capture_20260509_113112_3|with_cameras_capture_20260509_113112_part001_2026-05-09-11-36-07|segment_002_000149.000_000157.000|208|002
5_9|with_cameras_capture_20260509_113112_3|with_cameras_capture_20260509_113112_part001_2026-05-09-11-36-07|segment_003_000171.000_000176.000|123|003
5_9|with_cameras_capture_20260509_113112_3|with_cameras_capture_20260509_113112_part001_2026-05-09-11-36-07|segment_004_000222.000_000278.000|1384|004
5_9|with_cameras_capture_20260509_113112_3|with_cameras_capture_20260509_113112_part002_2026-05-09-11-40-53|segment_000_000000.000_000021.000|519|000
5_9|with_cameras_capture_20260509_113112_3|with_cameras_capture_20260509_113112_part002_2026-05-09-11-40-53|segment_001_000027.000_000028.000|18|001
5_9|with_cameras_capture_20260509_113138_2|with_cameras_capture_20260509_113138_part000_2026-05-09-11-31-44|segment_000_000001.000_000153.000|3653|000
5_9|with_cameras_capture_20260509_113138_2|with_cameras_capture_20260509_113138_part000_2026-05-09-11-31-44|segment_001_000163.000_000190.000|661|001
5_9|with_cameras_capture_20260509_113138_2|with_cameras_capture_20260509_113138_part000_2026-05-09-11-31-44|segment_002_000208.000_000212.000|72|002
5_9|with_cameras_capture_20260509_113138_2|with_cameras_capture_20260509_113138_part000_2026-05-09-11-31-44|segment_003_000218.000_000225.000|149|003
5_9|with_cameras_capture_20260509_113138_2|with_cameras_capture_20260509_113138_part000_2026-05-09-11-31-44|segment_004_000230.000_000240.000|238|004
5_9|with_cameras_capture_20260509_113138_2|with_cameras_capture_20260509_113138_part001_2026-05-09-11-36-32|segment_000_000034.000_000171.000|3164|000
5_9|with_cameras_capture_20260509_113729|with_cameras_capture_20260509_113729_part000_2026-05-09-11-37-36|segment_000_000001.000_000008.000|129|000
5_9|with_cameras_capture_20260509_113729|with_cameras_capture_20260509_113729_part000_2026-05-09-11-37-36|segment_001_000012.000_000042.000|706|001
5_9|with_cameras_capture_20260509_113729|with_cameras_capture_20260509_113729_part000_2026-05-09-11-37-36|segment_002_000066.000_000077.000|265|002
5_9|with_cameras_capture_20260509_113729|with_cameras_capture_20260509_113729_part000_2026-05-09-11-37-36|segment_003_000119.000_000282.000|3751|003
5_9|with_cameras_capture_20260509_113729|with_cameras_capture_20260509_113729_part001_2026-05-09-11-42-25|segment_000_000009.000_000012.000|72|000
5_9|with_cameras_capture_20260509_113729|with_cameras_capture_20260509_113729_part001_2026-05-09-11-42-25|segment_001_000029.000_000044.000|340|001
5_9|with_cameras_capture_20260509_113729|with_cameras_capture_20260509_113729_part001_2026-05-09-11-42-25|segment_002_000048.000_000065.000|340|002
5_9|with_cameras_capture_20260509_133549|with_cameras_capture_20260509_133549_part000_2026-05-09-13-35-55|segment_000_000050.000_000223.000|4400|000
5_9|with_cameras_capture_20260509_133549|with_cameras_capture_20260509_133549_part000_2026-05-09-13-35-55|segment_001_000256.000_000277.000|490|001
5_9|with_cameras_capture_20260509_133549|with_cameras_capture_20260509_133549_part001_2026-05-09-13-40-40|segment_000_000000.000_000065.000|1596|000
5_9|with_cameras_capture_20260509_133549|with_cameras_capture_20260509_133549_part001_2026-05-09-13-40-40|segment_001_000080.000_000088.000|201|001
5_9|with_cameras_capture_20260509_133549|with_cameras_capture_20260509_133549_part001_2026-05-09-13-40-40|segment_002_000115.000_000222.000|2649|002
5_9|with_cameras_capture_20260509_133549|with_cameras_capture_20260509_133549_part001_2026-05-09-13-40-40|segment_003_000266.000_000277.000|289|003
5_9|with_cameras_capture_20260509_133633|with_cameras_capture_20260509_133633_part000_2026-05-09-13-36-39|segment_000_000000.000_000038.000|957|000
5_9|with_cameras_capture_20260509_133633|with_cameras_capture_20260509_133633_part000_2026-05-09-13-36-39|segment_001_000042.500_000045.500|54|001
5_9|with_cameras_capture_20260509_133633|with_cameras_capture_20260509_133633_part000_2026-05-09-13-36-39|segment_002_000073.000_000088.000|376|002
5_9|with_cameras_capture_20260509_133633|with_cameras_capture_20260509_133633_part000_2026-05-09-13-36-39|segment_003_000095.000_000195.000|2517|003
5_9|with_cameras_capture_20260509_133633|with_cameras_capture_20260509_133633_part000_2026-05-09-13-36-39|segment_004_000219.000_000257.000|1003|004
5_9|with_cameras_capture_20260509_133633|with_cameras_capture_20260509_133633_part000_2026-05-09-13-36-39|segment_005_000262.000_000273.000|282|005
5_9|with_cameras_capture_20260509_133633|with_cameras_capture_20260509_133633_part001_2026-05-09-13-41-26|segment_000_000001.000_000013.000|299|000
5_9|with_cameras_capture_20260509_133633|with_cameras_capture_20260509_133633_part001_2026-05-09-13-41-26|segment_001_000026.000_000035.000|231|001
5_9|with_cameras_capture_20260509_133633|with_cameras_capture_20260509_133633_part001_2026-05-09-13-41-26|segment_002_000040.000_000106.000|1637|002
5_9|with_cameras_capture_20260509_133633|with_cameras_capture_20260509_133633_part001_2026-05-09-13-41-26|segment_003_000145.000_000179.000|859|003
5_9|with_cameras_capture_20260509_133633|with_cameras_capture_20260509_133633_part001_2026-05-09-13-41-26|segment_004_000188.000_000198.000|199|004
5_9|with_cameras_capture_20260509_133633|with_cameras_capture_20260509_133633_part001_2026-05-09-13-41-26|segment_005_000215.000_000280.000|1444|005
5_9|with_cameras_capture_20260509_133633|with_cameras_capture_20260509_133633_part002_2026-05-09-13-46-13|segment_000_000000.000_000027.500|599|000
5_9|with_cameras_capture_20260509_133633|with_cameras_capture_20260509_133633_part002_2026-05-09-13-46-13|segment_001_000031.000_000038.000|117|001
5_9|with_cameras_capture_20260509_143912|with_cameras_capture_20260509_143912_part000_2026-05-09-14-39-18|segment_000_000000.000_000010.000|257|000
5_9|with_cameras_capture_20260509_143912|with_cameras_capture_20260509_143912_part000_2026-05-09-14-39-18|segment_001_000014.000_000050.000|914|001
5_9|with_cameras_capture_20260509_143912|with_cameras_capture_20260509_143912_part000_2026-05-09-14-39-18|segment_002_000053.000_000064.000|287|002
5_9|with_cameras_capture_20260509_143912|with_cameras_capture_20260509_143912_part000_2026-05-09-14-39-18|segment_003_000073.000_000076.000|71|003
5_9|with_cameras_capture_20260509_143912|with_cameras_capture_20260509_143912_part000_2026-05-09-14-39-18|segment_004_000094.000_000103.000|223|004
5_9|with_cameras_capture_20260509_143912|with_cameras_capture_20260509_143912_part000_2026-05-09-14-39-18|segment_005_000107.500_000161.000|1289|005
5_9|with_cameras_capture_20260509_143912|with_cameras_capture_20260509_143912_part000_2026-05-09-14-39-18|segment_006_000182.000_000201.000|467|006
5_9|with_cameras_capture_20260509_143912|with_cameras_capture_20260509_143912_part000_2026-05-09-14-39-18|segment_007_000203.000_000233.000|747|007
5_9|with_cameras_capture_20260509_143912|with_cameras_capture_20260509_143912_part000_2026-05-09-14-39-18|segment_008_000235.000_000238.000|75|008
5_9|with_cameras_capture_20260509_143912|with_cameras_capture_20260509_143912_part000_2026-05-09-14-39-18|segment_009_000260.000_000273.000|336|009
5_9|with_cameras_capture_20260509_143912|with_cameras_capture_20260509_143912_part001_2026-05-09-14-44-03|segment_000_000000.000_000026.000|588|000
5_9|with_cameras_capture_20260509_143912|with_cameras_capture_20260509_143912_part001_2026-05-09-14-44-03|segment_001_000053.000_000100.000|1171|001
5_9|with_cameras_capture_20260509_143912|with_cameras_capture_20260509_143912_part001_2026-05-09-14-44-03|segment_002_000120.000_000152.000|734|002
5_9|with_cameras_capture_20260509_173327|with_cameras_capture_20260509_173327_part000_2026-05-09-17-33-33|segment_000_000065.000_000078.000|324|000
5_9|with_cameras_capture_20260509_173327|with_cameras_capture_20260509_173327_part000_2026-05-09-17-33-33|segment_001_000094.000_000098.000|97|001
5_9|with_cameras_capture_20260509_173327|with_cameras_capture_20260509_173327_part000_2026-05-09-17-33-33|segment_002_000101.000_000103.500|63|002
5_9|with_cameras_capture_20260509_173327|with_cameras_capture_20260509_173327_part000_2026-05-09-17-33-33|segment_003_000118.000_000129.500|304|003
5_9|with_cameras_capture_20260509_173327|with_cameras_capture_20260509_173327_part000_2026-05-09-17-33-33|segment_004_000131.000_000176.000|1100|004
5_9|with_cameras_capture_20260509_173327|with_cameras_capture_20260509_173327_part000_2026-05-09-17-33-33|segment_005_000180.000_000186.000|151|005
5_9|with_cameras_capture_20260509_173327|with_cameras_capture_20260509_173327_part000_2026-05-09-17-33-33|segment_006_000188.000_000203.000|349|006
5_9|with_cameras_capture_20260509_173327|with_cameras_capture_20260509_173327_part000_2026-05-09-17-33-33|segment_007_000216.000_000235.000|473|007
5_9|with_cameras_capture_20260509_173327|with_cameras_capture_20260509_173327_part000_2026-05-09-17-33-33|segment_008_000242.000_000268.000|665|008
5_9|with_cameras_capture_20260509_173327|with_cameras_capture_20260509_173327_part001_2026-05-09-17-38-19|segment_000_000011.000_000041.000|700|000
5_9|with_cameras_capture_20260509_173327|with_cameras_capture_20260509_173327_part001_2026-05-09-17-38-19|segment_001_000044.000_000112.000|1665|001
5_9|with_cameras_capture_20260509_173327|with_cameras_capture_20260509_173327_part001_2026-05-09-17-38-19|segment_002_000114.000_000122.000|206|002
5_9|with_cameras_capture_20260509_173327|with_cameras_capture_20260509_173327_part001_2026-05-09-17-38-19|segment_003_000142.000_000151.000|227|003
5_9|with_cameras_capture_20260509_173327|with_cameras_capture_20260509_173327_part001_2026-05-09-17-38-19|segment_004_000154.000_000195.000|1001|004
5_9|with_cameras_capture_20260509_173327|with_cameras_capture_20260509_173327_part001_2026-05-09-17-38-19|segment_005_000202.000_000217.000|362|005
5_9|with_cameras_capture_20260509_173327|with_cameras_capture_20260509_173327_part001_2026-05-09-17-38-19|segment_006_000231.000_000239.000|209|006
5_9|with_cameras_capture_20260509_173327|with_cameras_capture_20260509_173327_part001_2026-05-09-17-38-19|segment_007_000248.000_000256.000|193|007
5_9|with_cameras_capture_20260509_173327|with_cameras_capture_20260509_173327_part001_2026-05-09-17-38-19|segment_008_000260.500_000278.000|440|008
5_9|with_cameras_capture_20260509_173327|with_cameras_capture_20260509_173327_part002_2026-05-09-17-43-05|segment_000_000000.000_000039.000|938|000
5_9|with_cameras_capture_20260509_180142|with_cameras_capture_20260509_180142_part000_2026-05-09-18-01-49|segment_000_000040.000_000108.000|1658|000
5_9|with_cameras_capture_20260509_180142|with_cameras_capture_20260509_180142_part000_2026-05-09-18-01-49|segment_001_000143.000_000146.000|62|001
5_9|with_cameras_capture_20260509_180142|with_cameras_capture_20260509_180142_part000_2026-05-09-18-01-49|segment_002_000152.000_000174.000|524|002
5_9|with_cameras_capture_20260509_180142|with_cameras_capture_20260509_180142_part000_2026-05-09-18-01-49|segment_003_000177.000_000223.000|1084|003
5_9|with_cameras_capture_20260509_180142|with_cameras_capture_20260509_180142_part000_2026-05-09-18-01-49|segment_004_000225.000_000238.000|314|004
5_9|with_cameras_capture_20260509_180142|with_cameras_capture_20260509_180142_part000_2026-05-09-18-01-49|segment_005_000243.000_000279.000|856|005
5_9|with_cameras_capture_20260509_180142|with_cameras_capture_20260509_180142_part001_2026-05-09-18-06-35|segment_000_000000.000_000016.000|387|000
5_9|with_cameras_capture_20260509_180142|with_cameras_capture_20260509_180142_part001_2026-05-09-18-06-35|segment_001_000032.000_000043.000|280|001
5_9|with_cameras_capture_20260509_180142|with_cameras_capture_20260509_180142_part001_2026-05-09-18-06-35|segment_002_000044.500_000053.000|192|002
5_9|with_cameras_capture_20260509_180142|with_cameras_capture_20260509_180142_part001_2026-05-09-18-06-35|segment_003_000057.000_000132.000|1831|003
5_9|with_cameras_capture_20260509_180142|with_cameras_capture_20260509_180142_part001_2026-05-09-18-06-35|segment_004_000164.000_000178.000|358|004
5_9|with_cameras_capture_20260509_180142|with_cameras_capture_20260509_180142_part001_2026-05-09-18-06-35|segment_005_000267.500_000274.000|169|005
5_9|with_cameras_capture_20260509_182059|with_cameras_capture_20260509_182059_part000_2026-05-09-18-21-05|segment_000_000000.000_000035.000|848|000
5_9|with_cameras_capture_20260509_182059|with_cameras_capture_20260509_182059_part000_2026-05-09-18-21-05|segment_001_000056.000_000144.000|2222|001
5_9|with_cameras_capture_20260509_182059|with_cameras_capture_20260509_182059_part000_2026-05-09-18-21-05|segment_002_000149.000_000184.000|867|002
5_9|with_cameras_capture_20260509_182059|with_cameras_capture_20260509_182059_part000_2026-05-09-18-21-05|segment_003_000186.000_000191.500|145|003
5_9|with_cameras_capture_20260509_182059|with_cameras_capture_20260509_182059_part000_2026-05-09-18-21-05|segment_004_000198.000_000203.000|115|004
5_9|with_cameras_capture_20260509_182059|with_cameras_capture_20260509_182059_part000_2026-05-09-18-21-05|segment_005_000205.000_000221.000|402|005
5_9|with_cameras_capture_20260509_182059|with_cameras_capture_20260509_182059_part000_2026-05-09-18-21-05|segment_006_000224.000_000250.000|631|006
5_9|with_cameras_capture_20260509_182059|with_cameras_capture_20260509_182059_part000_2026-05-09-18-21-05|segment_007_000276.500_000280.000|101|007
6-11导出-缺611night3_new|with_cameras_capture_20260610_161231|with_cameras_capture_20260610_161231_part000_2026-06-10-16-12-37|segment_000_000000.000_000254.727|6018|000
6-11导出-缺611night3_new|with_cameras_capture_20260610_161231|with_cameras_capture_20260610_161231_part001_2026-06-10-16-16-58|segment_000_000000.000_000285.751|867|000
6-11导出-缺611night3_new|with_cameras_capture_20260610_161231|with_cameras_capture_20260610_161231_part002_2026-06-10-16-21-51|segment_000_000000.000_000013.639|13|000
6-11导出-缺611night3_new|with_cameras_capture_20260610_161258|with_cameras_capture_20260610_161258_part000_2026-06-10-16-13-04|segment_000_000000.000_000252.535|6392|000
6-11导出-缺611night3_new|with_cameras_capture_20260610_161258|with_cameras_capture_20260610_161258_part001_2026-06-10-16-17-23|segment_000_000000.000_000252.646|6345|000
6-11导出-缺611night3_new|with_cameras_capture_20260610_161258|with_cameras_capture_20260610_161258_part002_2026-06-10-16-21-43|segment_000_000000.000_000121.558|3012|000
6-11导出-缺611night3_new|with_cameras_capture_20260610_161405|with_cameras_capture_20260610_161405_part000_2026-06-10-16-14-11|segment_000_000000.000_000269.705|3520|000
6-11导出-缺611night3_new|with_cameras_capture_20260610_161405|with_cameras_capture_20260610_161405_part001_2026-06-10-16-18-48|segment_000_000000.000_000270.703|268|000
6-11导出-缺611night3_new|with_cameras_capture_20260610_161407|with_cameras_capture_20260610_161407_part000_2026-06-10-16-14-13|segment_000_000000.000_000091.409|2088|000
6-11导出-缺611night3_new|with_cameras_capture_20260610_163951|with_cameras_capture_20260610_163951_part000_2026-06-10-16-39-57|segment_000_000000.000_000255.700|5942|000
6-11导出-缺611night3_new|with_cameras_capture_20260610_163951|with_cameras_capture_20260610_163951_part001_2026-06-10-16-44-19|segment_000_000000.000_000256.730|5700|000
6-11导出-缺611night3_new|with_cameras_capture_20260610_163951|with_cameras_capture_20260610_163951_part002_2026-06-10-16-48-43|segment_000_000000.000_000156.760|3380|000
6-11导出-缺611night3_new|with_cameras_capture_20260610_164229|with_cameras_capture_20260610_164229_part000_2026-06-10-16-42-36|segment_000_000000.000_000285.647|2697|000
6-11导出-缺611night3_new|with_cameras_capture_20260610_164229|with_cameras_capture_20260610_164229_part001_2026-06-10-16-47-29|segment_000_000000.000_000286.956|2620|000
6-11导出-缺611night3_new|with_cameras_capture_20260610_164229|with_cameras_capture_20260610_164229_part002_2026-06-10-16-52-23|segment_000_000000.000_000001.815|6|000
6-11导出-缺611night3_new|with_cameras_capture_20260610_184215|with_cameras_capture_20260610_184215_part000_2026-06-10-18-42-21|segment_000_000000.000_000252.555|6292|000
6-11导出-缺611night3_new|with_cameras_capture_20260610_184215|with_cameras_capture_20260610_184215_part001_2026-06-10-18-46-41|segment_000_000000.000_000255.687|6045|000
6-11导出-缺611night3_new|with_cameras_capture_20260610_184215|with_cameras_capture_20260610_184215_part002_2026-06-10-18-51-03|segment_000_000000.000_000136.675|3178|000
6-12_export|with_cameras_capture_20260612_120246(3)|with_cameras_capture_20260612_120246_part000_2026-06-12-12-02-52|segment_000_000000.000_000254.608|6006|000
6-12_export|with_cameras_capture_20260612_120246(3)|with_cameras_capture_20260612_120246_part001_2026-06-12-12-07-13|segment_000_000000.000_000255.906|5877|000
6-12_export|with_cameras_capture_20260612_120246(3)|with_cameras_capture_20260612_120246_part002_2026-06-12-12-11-36|segment_000_000000.000_000058.936|1281|000
6-12_export|with_cameras_capture_20260612_120324(1)|with_cameras_capture_20260612_120324_part000_2026-06-12-12-03-30|segment_000_000000.000_000255.563|5989|000
6-12_export|with_cameras_capture_20260612_120324(1)|with_cameras_capture_20260612_120324_part001_2026-06-12-12-07-53|segment_000_000000.000_000171.050|3813|000
6-12_export|with_cameras_capture_20260612_120341(2)|with_cameras_capture_20260612_120341_part000_2026-06-12-12-03-47|segment_000_000000.000_000253.627|6227|000
6-12_export|with_cameras_capture_20260612_120341(2)|with_cameras_capture_20260612_120341_part001_2026-06-12-12-08-08|segment_000_000000.000_000206.505|4893|000
6-12_export|with_cameras_capture_20260612_132808(4)|with_cameras_capture_20260612_132808_part000_2026-06-12-13-28-15|segment_000_000000.000_000252.411|6519|000
6-12_export|with_cameras_capture_20260612_132808(4)|with_cameras_capture_20260612_132808_part001_2026-06-12-13-32-34|segment_000_000000.000_000253.666|6289|000
6-12_export|with_cameras_capture_20260612_132808(4)|with_cameras_capture_20260612_132808_part002_2026-06-12-13-36-54|segment_000_000000.000_000141.726|3578|000
6_5|with_cameras_capture_20260605_103857|with_cameras_capture_20260605_103857_part000_2026-06-05-10-39-04|segment_000_000000.000_000753.737|19570|000
6_5|with_cameras_capture_20260605_104107|with_cameras_capture_20260605_104107_part000_2026-06-05-10-41-14|segment_000_000000.000_000678.195|18013|000
6_5|with_cameras_capture_20260606_150749|with_cameras_capture_20260606_150749_part000_2026-06-06-15-07-56|segment_000_000000.000_000231.693|2899|000
6_5|with_cameras_capture_20260606_150749|with_cameras_capture_20260606_150749_part001_2026-06-06-15-11-54|segment_000_000000.000_000017.219|211|000
6_5|with_cameras_capture_20260606_151623|with_cameras_capture_20260606_151623_part000_2026-06-06-15-16-30|segment_000_000000.000_000219.936|4474|000
6_5|with_cameras_capture_20260606_151623|with_cameras_capture_20260606_151623_part001_2026-06-06-15-20-16|segment_000_000000.000_000224.277|4183|000
6_5|with_cameras_capture_20260606_151623|with_cameras_capture_20260606_151623_part002_2026-06-06-15-24-07|segment_000_000000.000_000033.748|659|000
6_5|with_cameras_capture_20260606_153629|with_cameras_capture_20260606_153629_part000_2026-06-06-15-36-40|segment_000_000000.000_000232.557|3616|000
6_5|with_cameras_capture_20260606_153629|with_cameras_capture_20260606_153629_part001_2026-06-06-15-40-40|segment_000_000000.000_000241.530|3465|000
6_5|with_cameras_capture_20260606_182724|with_cameras_capture_20260606_182724_part000_2026-06-06-18-27-30|segment_000_000000.000_000218.972|4532|000
6_5|with_cameras_capture_20260606_182724|with_cameras_capture_20260606_182724_part001_2026-06-06-18-31-16|segment_000_000000.000_000218.871|4385|000
6_5|with_cameras_capture_20260606_182724|with_cameras_capture_20260606_182724_part002_2026-06-06-18-35-01|segment_000_000000.000_000125.128|2507|000
6_5|with_cameras_capture_20260606_183126|with_cameras_capture_20260606_183126_part000_2026-06-06-18-31-32|segment_000_000000.000_000220.700|4559|000
6_5|with_cameras_capture_20260606_183126|with_cameras_capture_20260606_183126_part001_2026-06-06-18-35-19|segment_000_000000.000_000221.902|4693|000
6_5|with_cameras_capture_20260606_183126|with_cameras_capture_20260606_183126_part002_2026-06-06-18-39-08|segment_000_000000.000_000022.280|453|000
6_8|with_cameras_capture_20260608_125137|with_cameras_capture_20260608_125137_part000_2026-06-08-12-51-49|segment_000_000000.000_000261.203|5066|000
6_8|with_cameras_capture_20260608_125137|with_cameras_capture_20260608_125137_part001_2026-06-08-12-56-16|segment_000_000000.000_000267.500|5217|000
6_8|with_cameras_capture_20260608_130656|with_cameras_capture_20260608_130656_part000_2026-06-08-13-07-03|segment_000_000000.000_000280.631|2218|000
6_8|with_cameras_capture_20260608_143004|with_cameras_capture_20260608_143004_part000_2026-06-08-14-30-10|segment_000_000000.000_000136.416|3139|000
6_8|with_cameras_capture_20260608_145606|with_cameras_capture_20260608_145606_part000_2026-06-08-14-56-12|segment_000_000000.000_000327.112|9103|000
6_8|with_cameras_capture_20260608_145606|with_cameras_capture_20260608_145606_part001_2026-06-08-15-01-46|segment_000_000000.000_000193.968|5336|000
6_8|with_cameras_capture_20260608_151448|with_cameras_capture_20260608_151448_part000_2026-06-08-15-14-55|segment_000_000000.000_000328.063|9203|000
6_8|with_cameras_capture_20260608_152116|with_cameras_capture_20260608_152116_part000_2026-06-08-15-21-28|segment_000_000000.000_000334.029|9028|000
6_8|with_cameras_capture_20260608_152116|with_cameras_capture_20260608_152116_part001_2026-06-08-15-27-09|segment_000_000000.000_000099.886|2480|000
6_8|with_cameras_capture_20260608_161851|with_cameras_capture_20260608_161851_part000_2026-06-08-16-18-57|segment_000_000000.000_000332.141|9245|000
6_8|with_cameras_capture_20260608_161851|with_cameras_capture_20260608_161851_part001_2026-06-08-16-24-36|segment_000_000000.000_000107.433|2962|000
6_8|with_cameras_capture_20260608_162452|with_cameras_capture_20260608_162452_part000_2026-06-08-16-24-58|segment_000_000000.000_000329.179|9134|000
6_8|with_cameras_capture_20260608_162452|with_cameras_capture_20260608_162452_part001_2026-06-08-16-30-34|segment_000_000000.000_000075.397|1923|000
6_8|with_cameras_capture_20260608_174907|with_cameras_capture_20260608_174907_part000_2026-06-08-17-49-14|segment_000_000000.000_000329.031|9167|000
6_8|with_cameras_capture_20260608_174907|with_cameras_capture_20260608_174907_part001_2026-06-08-17-54-50|segment_000_000000.000_000251.386|6962|000
6_8|with_cameras_capture_20260608_174950|with_cameras_capture_20260608_174950_part000_2026-06-08-17-49-57|segment_000_000000.000_000385.314|1997|000
6_8|with_cameras_capture_20260608_174950|with_cameras_capture_20260608_174950_part001_2026-06-08-17-56-29|segment_000_000000.000_000171.475|170|000
