ant_frame_index,packet_index,net_send_frame,timestamp_hmsm,category,object_index,ref_longitude_deg,ref_latitude_deg,ref_heading_deg,ref_altitude_m,position_x_m,position_y_m,position_z_m,bbox_min_x_m,bbox_min_y_m,bbox_min_z_m,bbox_max_x_m,bbox_max_y_m,bbox_max_z_m,world_latitude_deg,world_longitude_deg,world_altitude_m,details_json
24,47687,162456,55814,powerline_segment,0,118.60113525390625,31.99413299560547,49.600006103515625,0.0,1531.82373046875,-53.72698402404785,71.52419662475586,1212.4998779296875,-157.50315856933594,60.79785919189453,1851.1475830078125,50.049190521240234,82.25053405761719,32.00789360230204,118.6017043334596,71.52419662475586,"{""segment_info_raw"": 67108864, ""segment_info"": {""segment_id"": 0, ""endpoint_flag"": 0, ""segment_count"": 4}, ""start_xyz"": [1212.4998779296875, -157.50315856933594, 60.79785919189453], ""end_xyz"": [1851.1475830078125, 50.049190521240234, 82.25053405761719]}"
24,47687,162456,55814,powerline_segment,1,118.60113525390625,31.99413299560547,49.600006103515625,0.0,2132.6057739257812,116.8791561126709,92.11064529418945,1851.1475830078125,50.049190521240234,82.25053405761719,2414.06396484375,183.70912170410156,101.97075653076172,32.01329051922266,118.59989726262191,92.11064529418945,"{""segment_info_raw"": 67174400, ""segment_info"": {""segment_id"": 0, ""endpoint_flag"": 1, ""segment_count"": 4}, ""start_xyz"": [1851.1475830078125, 50.049190521240234, 82.25053405761719], ""end_xyz"": [2414.06396484375, 183.70912170410156, 101.97075653076172]}"
24,47687,162456,55814,powerline_segment,2,118.60113525390625,31.99413299560547,49.600006103515625,0.0,2656.22607421875,216.20702362060547,136.09678268432617,2414.06396484375,183.70912170410156,101.97075653076172,2898.38818359375,248.70492553710938,170.22280883789062,32.017994280410946,118.5988451756771,136.09678268432617,"{""segment_info_raw"": 67239936, ""segment_info"": {""segment_id"": 0, ""endpoint_flag"": 2, ""segment_count"": 4}, ""start_xyz"": [2414.06396484375, 183.70912170410156, 101.97075653076172], ""end_xyz"": [2898.38818359375, 248.70492553710938, 170.22280883789062]}"
24,47687,162456,55814,powerline_segment,3,118.60113525390625,31.99413299560547,49.600006103515625,0.0,3102.73876953125,266.94114685058594,166.2598876953125,2898.38818359375,248.70492553710938,162.29696655273438,3307.08935546875,285.1773681640625,170.22280883789062,32.02200537219847,118.59830779669126,166.2598876953125,"{""segment_info_raw"": 67305472, ""segment_info"": {""segment_id"": 0, ""endpoint_flag"": 3, ""segment_count"": 4}, ""start_xyz"": [2898.38818359375, 248.70492553710938, 170.22280883789062], ""end_xyz"": [3307.08935546875, 285.1773681640625, 162.29696655273438]}"
24,47687,162456,55814,powerline_segment,4,118.60113525390625,31.99413299560547,49.600006103515625,0.0,2259.7946166992188,63.83710479736328,111.54741287231445,1212.4998779296875,-157.50315856933594,60.79785919189453,3307.08935546875,285.1773681640625,162.29696655273438,32.01443307603699,118.60045908732545,111.54741287231445,"{""segment_info_raw"": 83820544, ""segment_info"": {""segment_id"": 0, ""endpoint_flag"": 255, ""segment_count"": 4}, ""start_xyz"": [1212.4998779296875, -157.50315856933594, 60.79785919189453], ""end_xyz"": [3307.08935546875, 285.1773681640625, 162.29696655273438]}"
21,42451,154836,55803,isolated_object,0,118.60113525390625,31.9941349029541,133.10000610351562,0.0,-255.7082061767578,-408.5618896484375,51.64748764038086,-255.7082061767578,-408.5618896484375,51.64748764038086,-255.7082061767578,-408.5618896484375,51.64748764038086,31.991837837055268,118.60546276691917,51.64748764038086,"{""point_xyz"": [-255.7082061767578, -408.5618896484375, 51.64748764038086]}"
21,42451,154836,55803,isolated_object,1,118.60113525390625,31.9941349029541,133.10000610351562,0.0,560.9343872070312,-2023.6317138671875,154.58111572265625,560.9343872070312,-2023.6317138671875,154.58111572265625,560.9343872070312,-2023.6317138671875,154.58111572265625,31.999173862288263,118.62256968721243,154.58111572265625,"{""point_xyz"": [560.9343872070312, -2023.6317138671875, 154.58111572265625]}"
21,42451,154836,55803,isolated_object,2,118.60113525390625,31.9941349029541,133.10000610351562,0.0,135.54373168945312,-2096.43115234375,136.63291931152344,135.54373168945312,-2096.43115234375,136.63291931152344,135.54373168945312,-2096.43115234375,136.63291931152344,31.995352513012534,118.62334078340452,136.63291931152344,"{""point_xyz"": [135.54373168945312, -2096.43115234375, 136.63291931152344]}"
21,42451,154836,55803,isolated_object,3,118.60113525390625,31.9941349029541,133.10000610351562,0.0,153.59207153320312,-788.235107421875,29.042476654052734,153.59207153320312,-788.235107421875,29.042476654052734,153.59207153320312,-788.235107421875,29.042476654052734,31.99551464400788,118.6094842893181,29.042476654052734,"{""point_xyz"": [153.59207153320312, -788.235107421875, 29.042476654052734]}"
21,42451,154836,55803,isolated_object,4,118.60113525390625,31.9941349029541,133.10000610351562,0.0,-344.1186218261719,-1041.0870361328125,-96.49417114257812,-344.1186218261719,-1041.0870361328125,-96.49417114257812,-344.1186218261719,-1041.0870361328125,-96.49417114257812,31.991043632778737,118.61216251271476,-96.49417114257812,"{""point_xyz"": [-344.1186218261719, -1041.0870361328125, -96.49417114257812]}"
23,45966,159916,55810,dense_region,0,118.60114288330078,31.99413299560547,85.80000305175781,0.0,921.6168212890625,-261.5727138519287,54.98531074523926,280.110107421875,-757.0647583007812,20.495092391967773,1475.0107421875,186.7117156982422,100.35985565185547,32.00241202037213,118.60391347773985,54.98531074523926,"{""vertex_count"": 5, ""vertices_xyz"": [[280.110107421875, -29.429197311401367, 20.495092391967773], [1051.11181640625, 186.7117156982422, 100.35985565185547], [1475.0107421875, -264.9039306640625, 41.19535446166992], [1254.4815673828125, -443.1773986816406, 50.005165100097656], [547.369873046875, -757.0647583007812, 62.87108612060547]]}"
23,45966,159916,55810,dense_region,1,118.60114288330078,31.99413299560547,85.80000305175781,0.0,2777.9975830078124,-832.4481079101563,125.56063690185547,1817.2423095703125,-1587.447265625,43.85041046142578,3225.884521484375,-317.5766906738281,192.552001953125,32.0190881724861,118.60996022538754,125.56063690185547,"{""vertex_count"": 5, ""vertices_xyz"": [[1817.2423095703125, -463.0815734863281, 97.27604675292969], [3131.97021484375, -1587.447265625, 167.8624267578125], [3225.884521484375, -1027.630126953125, 192.552001953125], [3194.37939453125, -766.5048828125, 43.85041046142578], [2520.511474609375, -317.5766906738281, 126.26229858398438]]}"
23,45966,159916,55810,dense_region,2,118.60114288330078,31.99413299560547,85.80000305175781,0.0,3223.5380859375,36.72777247428894,138.2273178100586,2898.2978515625,-227.23062133789062,117.36189270019531,3709.1591796875,385.8722229003906,177.79071044921875,32.02309053092086,118.6007538604525,138.2273178100586,"{""vertex_count"": 6, ""vertices_xyz"": [[2898.2978515625, 251.4832305908203, 143.18179321289062], [3140.554443359375, 385.8722229003906, 126.46662902832031], [3709.1591796875, 4.596878528594971, 177.79071044921875], [3487.2060546875, -158.35682678222656, 137.30128479003906], [3191.72998046875, -227.23062133789062, 127.2615966796875], [2914.281005859375, -35.99824905395508, 117.36189270019531]]}"
26,51519,167536,55821,dense_region,0,118.60113525390625,31.99413299560547,15.5,0.0,2195.41845703125,-125.33642578125,98.96481895446777,1851.67626953125,-679.5256958007812,55.039207458496094,2413.985595703125,247.67051696777344,130.76217651367188,32.01385477515536,118.60246282511645,98.96481895446777,"{""vertex_count"": 4, ""vertices_xyz"": [[1851.67626953125, 247.67051696777344, 130.76217651367188], [2111.19140625, -679.5256958007812, 92.65713500976562], [2404.820556640625, -286.3199768066406, 55.039207458496094], [2413.985595703125, 216.82945251464844, 117.4007568359375]]}"
28,55226,172614,55828,dense_region,0,118.60114288330078,31.99413299560547,15.5,0.0,3277.2117919921875,76.50697326660156,161.92215728759766,2898.50732421875,-209.17803955078125,134.80722045898438,3503.149658203125,437.5095520019531,194.17105102539062,32.0235726900259,118.60033251668585,161.92215728759766,"{""vertex_count"": 6, ""vertices_xyz"": [[2898.50732421875, 355.8403015136719, 170.351806640625], [3180.150146484375, -203.2767333984375, 153.92495727539062], [3461.567626953125, -209.17803955078125, 194.17105102539062], [3486.1005859375, -108.73727416992188, 164.80128479003906], [3503.149658203125, 186.884033203125, 134.80722045898438], [3133.79541015625, 437.5095520019531, 153.47662353515625]]}"
